Название товара,Артикул,Цена,Цена без скидки,Цена с картой WB,Ссылка
Наушники беспроводные с микрофоном A.Pods Android iphone,265683039,1 080 ₽,2 958 ₽,1 058 ₽,https://www.wildberries.ru/catalog/265683039/detail.aspx
"Чехол для Marshall Major I, II BT, III, IV, V с ремешком",227580328,371 ₽,870 ₽,363 ₽,https://www.wildberries.ru/catalog/227580328/detail.aspx
Амбушюры накладки для AirPods pro и pro2,245403958,293 ₽,1 420 ₽,287 ₽,https://www.wildberries.ru/catalog/245403958/detail.aspx
"Чехол для наушников Marshall Major I, II BT, III, IV, V",161002638,395 ₽,870 ₽,387 ₽,https://www.wildberries.ru/catalog/161002638/detail.aspx
Амбушюры-вкладыши для наушников Apple AirPods Pro р. M,131072738,169 ₽,770 ₽,165 ₽,https://www.wildberries.ru/catalog/131072738/detail.aspx
Наушники беспроводные Pods Pro 2,197349073,1 128 ₽,1 999 ₽,1 105 ₽,https://www.wildberries.ru/catalog/197349073/detail.aspx
Наушники вакуумные проводные с микрофоном для iPhone,197770943,401 ₽,1 272 ₽,392 ₽,https://www.wildberries.ru/catalog/197770943/detail.aspx
Наушники беспроводные с шумоподавлением для телефона,286489071,1 294 ₽,2 999 ₽,1 268 ₽,https://www.wildberries.ru/catalog/286489071/detail.aspx
Наушники проводные с микрофоном,216481088,271 ₽,1 005 ₽,265 ₽,https://www.wildberries.ru/catalog/216481088/detail.aspx
Амбушюры-вкладыши для наушников Apple AirPods Pro р. S,144451874,169 ₽,770 ₽,165 ₽,https://www.wildberries.ru/catalog/144451874/detail.aspx
Подставка держатель для наушников и телефона,221319831,534 ₽,1 426 ₽,523 ₽,https://www.wildberries.ru/catalog/221319831/detail.aspx
Наушники беспроводные A. Pods Pro 2 для iPhone Android,204577998,1 294 ₽,3 250 ₽,1 268 ₽,https://www.wildberries.ru/catalog/204577998/detail.aspx
Наушники беспроводные с микрофоном блютуз Pro,180628759,946 ₽,11 400 ₽,927 ₽,https://www.wildberries.ru/catalog/180628759/detail.aspx
Наушники беспроводные для iPhone и Android,66783447,656 ₽,2 080 ₽,642 ₽,https://www.wildberries.ru/catalog/66783447/detail.aspx
Наушники беспроводные для iPhone и Android,325958483,741 ₽,2 030 ₽,726 ₽,https://www.wildberries.ru/catalog/325958483/detail.aspx
Силиконовые амбушюры сменные комплект 3 размера,198423542,146 ₽,200 ₽,143 ₽,https://www.wildberries.ru/catalog/198423542/detail.aspx
Наушники беспроводные Airpods 3 для iPhone и android,194457685,1 097 ₽,7 777 ₽,1 075 ₽,https://www.wildberries.ru/catalog/194457685/detail.aspx
Наушники беспроводные Pro для iPhone и Android блютуз,262514848,852 ₽,2 936 ₽,834 ₽,https://www.wildberries.ru/catalog/262514848/detail.aspx
Проводные наушники с микрофоном,208549524,347 ₽,1 754 ₽,340 ₽,https://www.wildberries.ru/catalog/208549524/detail.aspx
Наушники беспроводные для Айфон и Андроид,205483688,1 036 ₽,1 983 ₽,1 015 ₽,https://www.wildberries.ru/catalog/205483688/detail.aspx
Силиконовые амбушюры сменные комплект 3 размера,198422350,146 ₽,200 ₽,143 ₽,https://www.wildberries.ru/catalog/198422350/detail.aspx
Наушники проводные для телефона,177688040,323 ₽,1 330 ₽,316 ₽,https://www.wildberries.ru/catalog/177688040/detail.aspx
Чехол для наушников Airpods 4,281880974,200 ₽,1 000 ₽,196 ₽,https://www.wildberries.ru/catalog/281880974/detail.aspx
Наушники беспроводные Pro 2 Premium NEW-2024 iPhone-Android,204565643,667 ₽,14 825 ₽,653 ₽,https://www.wildberries.ru/catalog/204565643/detail.aspx
Наушники беспроводные Pro 2 Premium NEW-2024 iPhone-Android,264347015,733 ₽,3 844 ₽,718 ₽,https://www.wildberries.ru/catalog/264347015/detail.aspx
Наушники проводные iPhone,279754480,623 ₽,5 005 ₽,610 ₽,https://www.wildberries.ru/catalog/279754480/detail.aspx
"Вакуумные наушники Jack 3,5",243690883,359 ₽,783 ₽,351 ₽,https://www.wildberries.ru/catalog/243690883/detail.aspx
Наушники беспроводные AirPods 2 для iPhone и Android,183586670,912 ₽,4 999 ₽,893 ₽,https://www.wildberries.ru/catalog/183586670/detail.aspx
Наушники беспроводные Air Pro для iPhone и Android блютуз,317606262,1 156 ₽,1 990 ₽,1 132 ₽,https://www.wildberries.ru/catalog/317606262/detail.aspx
Наушники беспроводные A.Pods PRO 2 для iPhone и Android,168680999,1 091 ₽,9 390 ₽,1 069 ₽,https://www.wildberries.ru/catalog/168680999/detail.aspx
Беспроводные вакуумные наушники блютуз,186737588,617 ₽,2 400 ₽,604 ₽,https://www.wildberries.ru/catalog/186737588/detail.aspx
Наушники беспроводные с шумоподавлением для телефона,256051362,1 393 ₽,2 999 ₽,1 365 ₽,https://www.wildberries.ru/catalog/256051362/detail.aspx
"Наушники кабель 5 метров 3,5 мм для просмотра ТВ компьютера",16704900,523 ₽,830 ₽,512 ₽,https://www.wildberries.ru/catalog/16704900/detail.aspx
Наушники беспроводные с микрофоном блютуз Pro2,261918617,955 ₽,2 951 ₽,935 ₽,https://www.wildberries.ru/catalog/261918617/detail.aspx
Набор амбушюр для AirPod Pro,260147315,291 ₽,400 ₽,285 ₽,https://www.wildberries.ru/catalog/260147315/detail.aspx
Наушники беспроводные A Pods Pro 2 для iPhone Android,298996249,1 624 ₽,12 232 ₽,1 591 ₽,https://www.wildberries.ru/catalog/298996249/detail.aspx
Беспроводные наушники игровые блютуз микрофон Андроид iPhone,43450373,1 019 ₽,3 070 ₽,998 ₽,https://www.wildberries.ru/catalog/43450373/detail.aspx
Беспроводные bluetooth наушники для телефона,272727341,779 ₽,5 220 ₽,763 ₽,https://www.wildberries.ru/catalog/272727341/detail.aspx
Наушники беспроводные для iPhone и Android,77045756,377 ₽,5 999 ₽,369 ₽,https://www.wildberries.ru/catalog/77045756/detail.aspx
Наушники проводные Iphone с микрофоном Lightning,217303439,277 ₽,700 ₽,271 ₽,https://www.wildberries.ru/catalog/217303439/detail.aspx
Наушники беспроводные Air 2 для iPhone и Android,223314406,804 ₽,1 700 ₽,787 ₽,https://www.wildberries.ru/catalog/223314406/detail.aspx
Наушники Type-C PRO с микрофоном,222150259,483 ₽,1 822 ₽,473 ₽,https://www.wildberries.ru/catalog/222150259/detail.aspx
Наушники проводные с микрофоном для телефона Pushbox Hoco M3,192064928,389 ₽,866 ₽,381 ₽,https://www.wildberries.ru/catalog/192064928/detail.aspx
Наушники беспроводные блютуз для iPhone и на Андроид,269828534,1 120 ₽,1 350 ₽,1 097 ₽,https://www.wildberries.ru/catalog/269828534/detail.aspx
Наушники беспроводные Air 2 для iPhone и Android,138834549,981 ₽,1 971 ₽,961 ₽,https://www.wildberries.ru/catalog/138834549/detail.aspx
Наушники беспроводные с шумоподавлением,140851046,2 173 ₽,2 976 ₽,2 129 ₽,https://www.wildberries.ru/catalog/140851046/detail.aspx
Наушники беспроводные AirPods 2,132239674,1 133 ₽,9 753 ₽,1 110 ₽,https://www.wildberries.ru/catalog/132239674/detail.aspx
Наушники беспроводные Airpods Pro 2 с шумоподавлением,177718586,1 570 ₽,8 600 ₽,1 538 ₽,https://www.wildberries.ru/catalog/177718586/detail.aspx
Наушники проводные,74486867,405 ₽,1 193 ₽,396 ₽,https://www.wildberries.ru/catalog/74486867/detail.aspx
Подставка для наушников,225878509,448 ₽,830 ₽,439 ₽,https://www.wildberries.ru/catalog/225878509/detail.aspx
Беспроводные наушники Airpods pro 2 для Iphone и Андроид,263087642,830 ₽,10 000 ₽,813 ₽,https://www.wildberries.ru/catalog/263087642/detail.aspx
Наушники беспроводные AirPods Pro 2 для iPhone Android,229524197,1 127 ₽,9 700 ₽,1 104 ₽,https://www.wildberries.ru/catalog/229524197/detail.aspx
Наушники беспроводные A.Pods PRO 2 для iPhone и Android,285410530,1 143 ₽,1 997 ₽,1 120 ₽,https://www.wildberries.ru/catalog/285410530/detail.aspx
Наушники проводные с микрофоном,180048545,260 ₽,520 ₽,254 ₽,https://www.wildberries.ru/catalog/180048545/detail.aspx
Наушники проводные с микрофоном вакуумные Xiaomi Pushbox,114707364,502 ₽,1 212 ₽,491 ₽,https://www.wildberries.ru/catalog/114707364/detail.aspx
Наушники проводные для телефона,265305143,336 ₽,1 440 ₽,329 ₽,https://www.wildberries.ru/catalog/265305143/detail.aspx
Наушники проводные с микрофоном,266564027,270 ₽,1 002 ₽,264 ₽,https://www.wildberries.ru/catalog/266564027/detail.aspx
Силиконовые амбушюры сменные комплект 3 размера,198423149,138 ₽,200 ₽,135 ₽,https://www.wildberries.ru/catalog/198423149/detail.aspx
Наушники беспроводные Airpods 3 для iPhone и android,250133041,1 438 ₽,10 830 ₽,1 409 ₽,https://www.wildberries.ru/catalog/250133041/detail.aspx
Наушники беспроводные A2 для iPhone Android,211435573,726 ₽,4 609 ₽,711 ₽,https://www.wildberries.ru/catalog/211435573/detail.aspx
A.Pods Pro 2 наушники беспроводные,240122176,1 245 ₽,7 500 ₽,1 220 ₽,https://www.wildberries.ru/catalog/240122176/detail.aspx
Наушники беспроводные для андроид iphone блютуз с микрофоном,305712162,935 ₽,2 890 ₽,916 ₽,https://www.wildberries.ru/catalog/305712162/detail.aspx
Наушники проводные Pushbox Hoco M3 с микрофоном для телефона,205996066,404 ₽,898 ₽,395 ₽,https://www.wildberries.ru/catalog/205996066/detail.aspx
Наушники беспроводные Ai.Pods Pro 2 для iPhone и Android,246256245,1 186 ₽,17 875 ₽,1 162 ₽,https://www.wildberries.ru/catalog/246256245/detail.aspx
Беспроводные наушники К55 игровые с шумоподавлением,201532808,629 ₽,1 518 ₽,616 ₽,https://www.wildberries.ru/catalog/201532808/detail.aspx
Беспроводные наушники блютуз Air 3 с микрофоном,254602900,986 ₽,1 917 ₽,966 ₽,https://www.wildberries.ru/catalog/254602900/detail.aspx
Наушники проводные с микрофоном Type-c,217301841,290 ₽,850 ₽,284 ₽,https://www.wildberries.ru/catalog/217301841/detail.aspx
Беспроводные наушники EQ2 для iPhone и Android,222341947,803 ₽,1 899 ₽,786 ₽,https://www.wildberries.ru/catalog/222341947/detail.aspx
Наушники беспроводные игровые с микрофоном,316599228,485 ₽,5 850 ₽,475 ₽,https://www.wildberries.ru/catalog/316599228/detail.aspx
Наушники беспроводные Airpods 2 для iPhone и Android,162466293,1 428 ₽,11 470 ₽,1 399 ₽,https://www.wildberries.ru/catalog/162466293/detail.aspx
Наушники беспроводные A. Pods Pro 2 для iPhone Android,290916842,2 107 ₽,5 520 ₽,2 064 ₽,https://www.wildberries.ru/catalog/290916842/detail.aspx
"Наушники проводные с микрофоном для телефона 3,5 Jack",181640549,197 ₽,460 ₽,193 ₽,https://www.wildberries.ru/catalog/181640549/detail.aspx
Наушники беспроводные AirPods 3 для iPhone и Android,216296339,1 220 ₽,7 000 ₽,1 195 ₽,https://www.wildberries.ru/catalog/216296339/detail.aspx
Проводные вакуумные наушники Borofone BM75,202868704,236 ₽,550 ₽,231 ₽,https://www.wildberries.ru/catalog/202868704/detail.aspx
Наушники проводные с микрофоном вакуумные T110,143211912,476 ₽,5 218 ₽,466 ₽,https://www.wildberries.ru/catalog/143211912/detail.aspx
Наушники проводные с микрофоном,139813765,189 ₽,676 ₽,185 ₽,https://www.wildberries.ru/catalog/139813765/detail.aspx
Наушники проводные Type-C вакуумные с микрофоном,297526637,415 ₽,10 020 ₽,406 ₽,https://www.wildberries.ru/catalog/297526637/detail.aspx
Наушники беспроводные AirPro 2 black для iPhone Android,232696492,1 327 ₽,1 999 ₽,1 300 ₽,https://www.wildberries.ru/catalog/232696492/detail.aspx
Наушники PRO с шумоподавлением проводные для iPhone,186900067,728 ₽,1 350 ₽,713 ₽,https://www.wildberries.ru/catalog/186900067/detail.aspx
Игровые наушники проводные с микрофоном для компьютера,313207175,1 285 ₽,1 630 ₽,1 259 ₽,https://www.wildberries.ru/catalog/313207175/detail.aspx
Наушники беспроводные Airpods Pro 2 копия,197566480,2 043 ₽,9 850 ₽,2 002 ₽,https://www.wildberries.ru/catalog/197566480/detail.aspx
Наушники беспроводные с микрофоном блютуз Pro2,245366292,1 078 ₽,1 528 ₽,1 056 ₽,https://www.wildberries.ru/catalog/245366292/detail.aspx
"Наушники проводные с микрофоном для телефона 3,5 Jack",54581483,196 ₽,469 ₽,192 ₽,https://www.wildberries.ru/catalog/54581483/detail.aspx
Наушники проводные Type-C с микрофоном,12340740,399 ₽,1 058 ₽,391 ₽,https://www.wildberries.ru/catalog/12340740/detail.aspx
Наушники беспроводные,158657137,296 ₽,2 999 ₽,290 ₽,https://www.wildberries.ru/catalog/158657137/detail.aspx
Чехол для Samsung Galaxy Buds 3 / 3 Pro с карабином,296821658,371 ₽,1 000 ₽,363 ₽,https://www.wildberries.ru/catalog/296821658/detail.aspx
Подставка для наушников,302049382,434 ₽,1 999 ₽,425 ₽,https://www.wildberries.ru/catalog/302049382/detail.aspx
Беспроводные наушники блютуз Air Pro с микрофоном,256524549,1 013 ₽,1 970 ₽,992 ₽,https://www.wildberries.ru/catalog/256524549/detail.aspx
Наушники беспроводные,98422931,496 ₽,879 ₽,486 ₽,https://www.wildberries.ru/catalog/98422931/detail.aspx
Наушники проводные с микрофоном,216478374,261 ₽,1 005 ₽,255 ₽,https://www.wildberries.ru/catalog/216478374/detail.aspx
Наушники беспроводные Air 2 Black для iPhone и Android,194515456,1 049 ₽,1 976 ₽,1 028 ₽,https://www.wildberries.ru/catalog/194515456/detail.aspx
Беспроводные наушники Pro 2,176929631,290 ₽,1 343 ₽,284 ₽,https://www.wildberries.ru/catalog/176929631/detail.aspx
Наушники беспроводные AirPro 2 для iPhone Android,209928876,1 161 ₽,1 999 ₽,1 137 ₽,https://www.wildberries.ru/catalog/209928876/detail.aspx
Чехол для наушников Airpods 4,281878302,200 ₽,1 000 ₽,196 ₽,https://www.wildberries.ru/catalog/281878302/detail.aspx
Амбушюры и крепление держатели для беспроводных наушников,150664124,153 ₽,320 ₽,149 ₽,https://www.wildberries.ru/catalog/150664124/detail.aspx
Наушники беспроводные A.Pods Pro 2 копия люкс,270500124,1 020 ₽,1 984 ₽,999 ₽,https://www.wildberries.ru/catalog/270500124/detail.aspx
Наушники проводные для iphone,210715425,279 ₽,1 000 ₽,273 ₽,https://www.wildberries.ru/catalog/210715425/detail.aspx
Наушники беспроводные A.Pods2 для iPhone Android,205447945,730 ₽,1 999 ₽,715 ₽,https://www.wildberries.ru/catalog/205447945/detail.aspx
Наушники беспроводные с сенсорным экраном,272732415,756 ₽,10 130 ₽,740 ₽,https://www.wildberries.ru/catalog/272732415/detail.aspx
Наушники беспроводные с шумоподавлением NEW AirPods Pro 2,288929159,2 680 ₽,3 800 ₽,2 626 ₽,https://www.wildberries.ru/catalog/288929159/detail.aspx
Наушники беспроводные с шумоподавлением NEW AirPods Pro 2,288929159,2 680 ₽,3 800 ₽,2 626 ₽,https://www.wildberries.ru/catalog/288929159/detail.aspx
Наушники беспроводные с сенсорным экраном,272732415,756 ₽,10 130 ₽,740 ₽,https://www.wildberries.ru/catalog/272732415/detail.aspx
Наушники беспроводные Airpods pro 2 для iPhone и Android,152560914,1 913 ₽,10 980 ₽,1 874 ₽,https://www.wildberries.ru/catalog/152560914/detail.aspx
Наушники беспроводные с микрофоном Pro3 Android iphone,145726284,1 408 ₽,2 978 ₽,1 379 ₽,https://www.wildberries.ru/catalog/145726284/detail.aspx
Беспроводные наушники для iPhone и Android,97906932,390 ₽,1 885 ₽,382 ₽,https://www.wildberries.ru/catalog/97906932/detail.aspx
Наушники проводные с микрофоном,148734350,491 ₽,790 ₽,481 ₽,https://www.wildberries.ru/catalog/148734350/detail.aspx
Амбушюры для airpods pro и pro 2. 2 Накладки размер S,187927550,217 ₽,1 035 ₽,212 ₽,https://www.wildberries.ru/catalog/187927550/detail.aspx
Магнитный Bluetooth микронаушник с пищалкой,138216345,3 231 ₽,6 649 ₽,3 166 ₽,https://www.wildberries.ru/catalog/138216345/detail.aspx
Наушники беспроводные спортивные на шею,179764853,515 ₽,1 243 ₽,504 ₽,https://www.wildberries.ru/catalog/179764853/detail.aspx
Наушники беспроводные для iPhone и Android,213442074,392 ₽,1 890 ₽,384 ₽,https://www.wildberries.ru/catalog/213442074/detail.aspx
Наушники беспроводные на андроид и iPhone,262531728,1 160 ₽,1 998 ₽,1 136 ₽,https://www.wildberries.ru/catalog/262531728/detail.aspx
Чехол для Airpods 4,293784184,200 ₽,500 ₽,196 ₽,https://www.wildberries.ru/catalog/293784184/detail.aspx
Наушники беспроводные iPhone Android Airpods Pro 2 Type-C,267734850,2 622 ₽,7 900 ₽,2 569 ₽,https://www.wildberries.ru/catalog/267734850/detail.aspx
Наушники беспроводные для iPhone и Android,320389067,1 100 ₽,22 000 ₽,1 078 ₽,https://www.wildberries.ru/catalog/320389067/detail.aspx
Наушники Airpods pro 2 для iPhone и Android блютуз,241883432,996 ₽,10 000 ₽,976 ₽,https://www.wildberries.ru/catalog/241883432/detail.aspx
Наушники беспроводные A.p 3 Premium NEW-2024,211436871,688 ₽,3 769 ₽,674 ₽,https://www.wildberries.ru/catalog/211436871/detail.aspx
Амбушюры для airpods pro и pro 2. 2 Накладки размер M,187927551,238 ₽,1 035 ₽,233 ₽,https://www.wildberries.ru/catalog/187927551/detail.aspx
Наушники беспроводные Airpods Pro 2 реплика c микрофоном,239419435,1 961 ₽,10 740 ₽,1 921 ₽,https://www.wildberries.ru/catalog/239419435/detail.aspx
Наушники проводные внутриканальные с гарнитурой Jack 3.5 мм,217311972,115 ₽,250 ₽,112 ₽,https://www.wildberries.ru/catalog/217311972/detail.aspx
Наушники беспроводные с шумоподавлением A.pods pro 2,282367946,2 511 ₽,8 900 ₽,2 460 ₽,https://www.wildberries.ru/catalog/282367946/detail.aspx
Беспроводные наушники вакуумные F9 PRO,309961844,518 ₽,2 715 ₽,507 ₽,https://www.wildberries.ru/catalog/309961844/detail.aspx
Наушники беспроводные Air 2 Black для iPhone и Android,208488443,1 046 ₽,1 971 ₽,1 025 ₽,https://www.wildberries.ru/catalog/208488443/detail.aspx
Наушники беспроводные Air 3 для iPhone Android,182899576,1 418 ₽,2 999 ₽,1 389 ₽,https://www.wildberries.ru/catalog/182899576/detail.aspx
Микронаушник магнитный,283640136,324 ₽,1 000 ₽,317 ₽,https://www.wildberries.ru/catalog/283640136/detail.aspx
Микронаушник магнитный кабель,316119121,274 ₽,500 ₽,268 ₽,https://www.wildberries.ru/catalog/316119121/detail.aspx
"чехол на наушники airpods pro 2, чехол на AirPods PRO",164644087,200 ₽,488 ₽,196 ₽,https://www.wildberries.ru/catalog/164644087/detail.aspx
Беспроводные вакуумные наушники блютуз с шумоподавлением,233255652,297 ₽,1 000 ₽,291 ₽,https://www.wildberries.ru/catalog/233255652/detail.aspx
Беспроводные наушники блютуз с микрофоном,137588491,1 007 ₽,1 957 ₽,986 ₽,https://www.wildberries.ru/catalog/137588491/detail.aspx
Наушники беспроводные Air Pro 2 для iPhone и Android блютуз,256086544,1 965 ₽,15 789 ₽,1 925 ₽,https://www.wildberries.ru/catalog/256086544/detail.aspx
Магниты для микронаушника,225876951,369 ₽,1 000 ₽,361 ₽,https://www.wildberries.ru/catalog/225876951/detail.aspx
Наушники беспроводные Air Pro для iPhone и Android блютуз,151264534,775 ₽,8 499 ₽,759 ₽,https://www.wildberries.ru/catalog/151264534/detail.aspx
Наушники беспроводные Air2 черные для iPhone Android,248956391,978 ₽,1 999 ₽,958 ₽,https://www.wildberries.ru/catalog/248956391/detail.aspx
Беспроводные спортивные наушники на шею,177114838,528 ₽,1 300 ₽,517 ₽,https://www.wildberries.ru/catalog/177114838/detail.aspx
Беспроводные наушники для iPhone и Android,200362963,392 ₽,1 890 ₽,384 ₽,https://www.wildberries.ru/catalog/200362963/detail.aspx
Гарнитура блютуз для телефона водителю,211700290,1 020 ₽,2 510 ₽,999 ₽,https://www.wildberries.ru/catalog/211700290/detail.aspx
Наушники беспроводные блютуз Air 2 с микрофоном,254134212,970 ₽,1 886 ₽,950 ₽,https://www.wildberries.ru/catalog/254134212/detail.aspx
Чехол для Apple Airpods Pro,115496505,205 ₽,500 ₽,200 ₽,https://www.wildberries.ru/catalog/115496505/detail.aspx
Наушники проводные с микрофоном,305619960,270 ₽,1 002 ₽,264 ₽,https://www.wildberries.ru/catalog/305619960/detail.aspx
Наушники беспроводные,98422928,480 ₽,891 ₽,470 ₽,https://www.wildberries.ru/catalog/98422928/detail.aspx
Наушники беспроводные AirPods Pro 2 для IPhone и Android,307907761,1 099 ₽,2 500 ₽,1 077 ₽,https://www.wildberries.ru/catalog/307907761/detail.aspx
"Наушники с микрофоном Jack 3,5",16530335,296 ₽,823 ₽,290 ₽,https://www.wildberries.ru/catalog/16530335/detail.aspx
Наушники беспроводные с микрофоном Air Pro 2 iPhone Android,282153520,2 116 ₽,14 999 ₽,2 073 ₽,https://www.wildberries.ru/catalog/282153520/detail.aspx
Наушники беспроводные,340048348,1 078 ₽,12 999 ₽,1 056 ₽,https://www.wildberries.ru/catalog/340048348/detail.aspx
Микронаушник для экзамена магнитный Bluetooth Premium,229233018,2 283 ₽,9 170 ₽,2 237 ₽,https://www.wildberries.ru/catalog/229233018/detail.aspx
Наушники беспроводные для андроид телефона,311639103,773 ₽,2 166 ₽,757 ₽,https://www.wildberries.ru/catalog/311639103/detail.aspx
"Наушники беспроводные Airpods 4 копия для iPhone,Android",308647397,2 440 ₽,10 500 ₽,2 391 ₽,https://www.wildberries.ru/catalog/308647397/detail.aspx
Беспроводные наушники для iPhone и Android EQ2,222347716,820 ₽,1 521 ₽,803 ₽,https://www.wildberries.ru/catalog/222347716/detail.aspx
Наушники беспроводные Redmi Buds 6 Play,258458981,1 505 ₽,1 950 ₽,1 474 ₽,https://www.wildberries.ru/catalog/258458981/detail.aspx
Чехол для наушников Маршалл больших накладных,178193541,574 ₽,2 002 ₽,562 ₽,https://www.wildberries.ru/catalog/178193541/detail.aspx
Гарнитура блютуз для телефона водителю,143228316,993 ₽,2 301 ₽,973 ₽,https://www.wildberries.ru/catalog/143228316/detail.aspx
Наушники проводные с микрофоном,212793024,366 ₽,1 199 ₽,358 ₽,https://www.wildberries.ru/catalog/212793024/detail.aspx
Наушники беспроводные для iPhone и Android,313207173,637 ₽,1 600 ₽,624 ₽,https://www.wildberries.ru/catalog/313207173/detail.aspx
Микронаушник для экзамена магнитный беспроводной,178959018,2 275 ₽,9 140 ₽,2 229 ₽,https://www.wildberries.ru/catalog/178959018/detail.aspx
Микронаушник магнитный Bluetooth,74940128,2 795 ₽,8 216 ₽,2 739 ₽,https://www.wildberries.ru/catalog/74940128/detail.aspx
Наушники беспроводные Air 2 для iPhone и Android,220510111,631 ₽,2 718 ₽,618 ₽,https://www.wildberries.ru/catalog/220510111/detail.aspx
Наушники беспроводные для Android и iPhone,307412860,441 ₽,739 ₽,432 ₽,https://www.wildberries.ru/catalog/307412860/detail.aspx
Проводные наушники с микрофоном для телефона,142907446,345 ₽,1 420 ₽,338 ₽,https://www.wildberries.ru/catalog/142907446/detail.aspx
Airpods Pro 2 наушники беспроводные для iPhone и Android,259666474,1 025 ₽,10 296 ₽,1 004 ₽,https://www.wildberries.ru/catalog/259666474/detail.aspx
Наушники беспроводные блютуз Air 3 с микрофоном,257662701,921 ₽,2 777 ₽,902 ₽,https://www.wildberries.ru/catalog/257662701/detail.aspx
Наушники беспроводные кнопочные капли,217277756,672 ₽,4 500 ₽,658 ₽,https://www.wildberries.ru/catalog/217277756/detail.aspx
Наушники беспроводные AirPods 2 для iPhone и Android,191140066,1 032 ₽,7 777 ₽,1 011 ₽,https://www.wildberries.ru/catalog/191140066/detail.aspx
Наушники беспроводные AirPods Pro 2 для iPhone Android,264199758,642 ₽,2 150 ₽,629 ₽,https://www.wildberries.ru/catalog/264199758/detail.aspx
Наушники магнитные Type-C с микрофоном,237282874,484 ₽,1 620 ₽,474 ₽,https://www.wildberries.ru/catalog/237282874/detail.aspx
Беспроводные TWS наушники Redmi Buds 4 Lite,313234627,1 253 ₽,1 590 ₽,1 227 ₽,https://www.wildberries.ru/catalog/313234627/detail.aspx
Беспроводные наушники с сенсорным экраном A9Pro,276081394,1 232 ₽,9 900 ₽,1 207 ₽,https://www.wildberries.ru/catalog/276081394/detail.aspx
наушники беспроводные с микрофоном и шумоподавлением,230210252,1 045 ₽,9 000 ₽,1 024 ₽,https://www.wildberries.ru/catalog/230210252/detail.aspx
Наушники беспроводные большие накладные c микрофоном Hoco,213914304,883 ₽,2 218 ₽,865 ₽,https://www.wildberries.ru/catalog/213914304/detail.aspx
Наушники беспроводные Pro2 Premium NEW-2025,124154960,1 324 ₽,1 995 ₽,1 297 ₽,https://www.wildberries.ru/catalog/124154960/detail.aspx
Магнитный Bluetooth микронаушник с микрофоном,199732153,2 613 ₽,6 599 ₽,2 560 ₽,https://www.wildberries.ru/catalog/199732153/detail.aspx
Блютуз наушники беспроводные pro2 для iphone андроид,271009889,819 ₽,2 668 ₽,802 ₽,https://www.wildberries.ru/catalog/271009889/detail.aspx
AirPods Pro 2 Premium наушники беспроводные IPhone Android,292922243,1 068 ₽,9 900 ₽,1 046 ₽,https://www.wildberries.ru/catalog/292922243/detail.aspx
Беспроводные наушники для iphone Pro 2,222829930,1 312 ₽,5 100 ₽,1 285 ₽,https://www.wildberries.ru/catalog/222829930/detail.aspx
Наушники беспроводные для iPhone и Android,312946220,597 ₽,800 ₽,585 ₽,https://www.wildberries.ru/catalog/312946220/detail.aspx
Наушники игровые проводные с микрофоном borofone большие,260873579,960 ₽,2 314 ₽,940 ₽,https://www.wildberries.ru/catalog/260873579/detail.aspx
Наушники игровые проводные с микрофоном,213039920,1 124 ₽,1 806 ₽,1 101 ₽,https://www.wildberries.ru/catalog/213039920/detail.aspx
Наушники беспроводные блютуз A.Pods 2 для iphone андроид,169939718,996 ₽,10 000 ₽,976 ₽,https://www.wildberries.ru/catalog/169939718/detail.aspx
Наушники беспроводные с шумоподавлением Pro2 iPhone Android,200701954,1 327 ₽,9 999 ₽,1 300 ₽,https://www.wildberries.ru/catalog/200701954/detail.aspx
Чехол кейс для наушников больших накладных,201158633,520 ₽,2 008 ₽,509 ₽,https://www.wildberries.ru/catalog/201158633/detail.aspx
Микронаушник магнитный Bluetooth с пищалкой,226195587,2 578 ₽,9 414 ₽,2 526 ₽,https://www.wildberries.ru/catalog/226195587/detail.aspx
Гарнитура блютуз для телефона водителю,164194894,1 027 ₽,2 880 ₽,1 006 ₽,https://www.wildberries.ru/catalog/164194894/detail.aspx
Наушники проводные с микрофоном,233638018,563 ₽,1 306 ₽,551 ₽,https://www.wildberries.ru/catalog/233638018/detail.aspx
Микронаушник магнитный Bluetooth с пищалкой,75829976,2 898 ₽,6 590 ₽,2 840 ₽,https://www.wildberries.ru/catalog/75829976/detail.aspx
Наушники беспроводные блютуз для iPhone и на Андроид,277830877,945 ₽,2 999 ₽,926 ₽,https://www.wildberries.ru/catalog/277830877/detail.aspx
"Чехол на наушники airpods 3 без карабина, прозрачный",229272612,280 ₽,510 ₽,274 ₽,https://www.wildberries.ru/catalog/229272612/detail.aspx
Чехол на Airpods 4,293784973,285 ₽,500 ₽,279 ₽,https://www.wildberries.ru/catalog/293784973/detail.aspx
Беспроводные наушники hoco Ew04 plus,36356900,1 165 ₽,2 600 ₽,1 141 ₽,https://www.wildberries.ru/catalog/36356900/detail.aspx
наушники беспроводные блютуз спортивные с микрофоном,307455332,1 128 ₽,4 000 ₽,1 105 ₽,https://www.wildberries.ru/catalog/307455332/detail.aspx
Наушники AirPods 2 беспроводные Air Pods 2,270472318,590 ₽,1 924 ₽,578 ₽,https://www.wildberries.ru/catalog/270472318/detail.aspx
Наушники беспроводные,264619681,639 ₽,9 633 ₽,626 ₽,https://www.wildberries.ru/catalog/264619681/detail.aspx
"Амбушюры для наушников JBL T450BT, T500BT, T460BT",161002632,224 ₽,380 ₽,219 ₽,https://www.wildberries.ru/catalog/161002632/detail.aspx
Наушники беспроводные Pods Pro 2 для iPhone и Android блютуз,267399575,898 ₽,7 220 ₽,880 ₽,https://www.wildberries.ru/catalog/267399575/detail.aspx
Наушники беспроводные DYNOXIFY Elune L350,238384519,1 639 ₽,3 186 ₽,1 606 ₽,https://www.wildberries.ru/catalog/238384519/detail.aspx
Проводные наушники для iphone,74484829,405 ₽,978 ₽,396 ₽,https://www.wildberries.ru/catalog/74484829/detail.aspx
Наушники беспроводные спортивные с шумоподавлением i25,196164620,1 284 ₽,3 600 ₽,1 258 ₽,https://www.wildberries.ru/catalog/196164620/detail.aspx
Наушники беспроводные блютуз Air Pro с микрофоном,256524551,1 021 ₽,1 985 ₽,1 000 ₽,https://www.wildberries.ru/catalog/256524551/detail.aspx
Наушники беспроводные AiPods Pro 2 для iPhone и Android,218295138,1 159 ₽,10 750 ₽,1 135 ₽,https://www.wildberries.ru/catalog/218295138/detail.aspx
Наушники беспроводные Al Pods Pro 2 блютуз для айфон андроид,188427430,1 454 ₽,10 950 ₽,1 424 ₽,https://www.wildberries.ru/catalog/188427430/detail.aspx
Наушники проводные Type-C вакуумные с микрофоном,318310101,415 ₽,10 020 ₽,406 ₽,https://www.wildberries.ru/catalog/318310101/detail.aspx
Наушники беспроводные большие накладные с микрофоном,158228110,978 ₽,2 562 ₽,958 ₽,https://www.wildberries.ru/catalog/158228110/detail.aspx
Гарнитура блютуз для телефона водителю,216546399,710 ₽,1 860 ₽,695 ₽,https://www.wildberries.ru/catalog/216546399/detail.aspx
Гарнитура блютуз для телефона водителю,216546399,710 ₽,1 860 ₽,695 ₽,https://www.wildberries.ru/catalog/216546399/detail.aspx
Микронаушник магнитный Bluetooth,226195686,2 329 ₽,9 680 ₽,2 282 ₽,https://www.wildberries.ru/catalog/226195686/detail.aspx
Беспроводные наушники блютуз с шумоподавлением и микрофоном,249177107,297 ₽,1 002 ₽,291 ₽,https://www.wildberries.ru/catalog/249177107/detail.aspx
Наушники беспроводные Pro 2 блютуз для IPhone и Android,304600791,672 ₽,5 790 ₽,658 ₽,https://www.wildberries.ru/catalog/304600791/detail.aspx
"Сменные пенные амбушюры, 3 пары, размер S, M, L",38065381,187 ₽,550 ₽,183 ₽,https://www.wildberries.ru/catalog/38065381/detail.aspx
Наушники беспроводные NEW A.Pods 4 для iPhone и Android,308067313,2 045 ₽,2 900 ₽,2 004 ₽,https://www.wildberries.ru/catalog/308067313/detail.aspx
Гарнитура блютуз для телефона водителю,122833905,969 ₽,3 990 ₽,949 ₽,https://www.wildberries.ru/catalog/122833905/detail.aspx
Наушники,312665452,204 ₽,400 ₽,199 ₽,https://www.wildberries.ru/catalog/312665452/detail.aspx
Гарнитура блютуз для телефона водителю,209006514,1 045 ₽,2 470 ₽,1 024 ₽,https://www.wildberries.ru/catalog/209006514/detail.aspx
Наушники беспроводные Pods Pro 2 для IPhone Android,169656068,1 741 ₽,2 875 ₽,1 706 ₽,https://www.wildberries.ru/catalog/169656068/detail.aspx
Наушники беспроводные спиннер для iPhone и Android,216545897,743 ₽,6 895 ₽,728 ₽,https://www.wildberries.ru/catalog/216545897/detail.aspx
Наушники беспроводные блютуз для iPhone и на Андроид,130277706,970 ₽,2 999 ₽,950 ₽,https://www.wildberries.ru/catalog/130277706/detail.aspx
Гарнитура блютуз для телефона водителю,196956848,880 ₽,1 799 ₽,862 ₽,https://www.wildberries.ru/catalog/196956848/detail.aspx
Проводные наушники с микрофоном,309547650,400 ₽,1 780 ₽,392 ₽,https://www.wildberries.ru/catalog/309547650/detail.aspx
Наушники беспроводные с микрофоном для iphone для андроид,221799727,1 027 ₽,1 997 ₽,1 006 ₽,https://www.wildberries.ru/catalog/221799727/detail.aspx
Наушники беспроводные накладные с микрофоном,256979967,1 563 ₽,2 990 ₽,1 531 ₽,https://www.wildberries.ru/catalog/256979967/detail.aspx
Наушники беспроводные с микрофоном для iphone для андроид,189556014,1 102 ₽,1 983 ₽,1 079 ₽,https://www.wildberries.ru/catalog/189556014/detail.aspx
Наушники беспроводные для андроид iphone,264424625,1 640 ₽,3 954 ₽,1 607 ₽,https://www.wildberries.ru/catalog/264424625/detail.aspx
"Чехол AirPods PRO2, AirPods PRO черный силиконовый",164644084,199 ₽,475 ₽,195 ₽,https://www.wildberries.ru/catalog/164644084/detail.aspx
Наушники беспроводные Air Pro для iPhone и Android,184042303,895 ₽,8 300 ₽,877 ₽,https://www.wildberries.ru/catalog/184042303/detail.aspx
Наушники беспроводные для iPhone и Android,213464874,448 ₽,6 000 ₽,439 ₽,https://www.wildberries.ru/catalog/213464874/detail.aspx
наушники беспроводные блютуз спортивные с микрофоном,307452098,1 162 ₽,4 000 ₽,1 138 ₽,https://www.wildberries.ru/catalog/307452098/detail.aspx
Наушники беспроводные черные,249890755,518 ₽,2 500 ₽,507 ₽,https://www.wildberries.ru/catalog/249890755/detail.aspx
Airpods 3 для iPhone Android Наушники беспроводные,188381019,1 033 ₽,2 800 ₽,1 012 ₽,https://www.wildberries.ru/catalog/188381019/detail.aspx
Игровые наушники проводные для компьютера с микрофоном,241580185,1 642 ₽,2 999 ₽,1 609 ₽,https://www.wildberries.ru/catalog/241580185/detail.aspx
Наушники беспроводные большие,169384465,1 144 ₽,1 999 ₽,1 121 ₽,https://www.wildberries.ru/catalog/169384465/detail.aspx
Наушники беспроводные Air 2 с блютуз и микрофоном,257246930,876 ₽,1 956 ₽,858 ₽,https://www.wildberries.ru/catalog/257246930/detail.aspx
Беспроводные наушники с напальчниками для мобильных игр,199573766,683 ₽,1 915 ₽,669 ₽,https://www.wildberries.ru/catalog/199573766/detail.aspx
Микронаушник магнитный Bluetooth с пищалкой,274378478,2 657 ₽,6 960 ₽,2 603 ₽,https://www.wildberries.ru/catalog/274378478/detail.aspx
Наушники беспроводные Air 2 для iPhone и Android,158558705,925 ₽,1 991 ₽,906 ₽,https://www.wildberries.ru/catalog/158558705/detail.aspx
наушники с экраном беспроводные A9 PRO ANC TWS,246881695,896 ₽,3 177 ₽,878 ₽,https://www.wildberries.ru/catalog/246881695/detail.aspx
Наушники беспроводные с микрофоном блютуз Pro,294567456,1 225 ₽,7 380 ₽,1 200 ₽,https://www.wildberries.ru/catalog/294567456/detail.aspx
Силиконовый чехол для AirPods 4,294665308,250 ₽,965 ₽,245 ₽,https://www.wildberries.ru/catalog/294665308/detail.aspx
Беспроводные вакуумные наушники блютуз с шумоподавлением,226478179,281 ₽,1 490 ₽,275 ₽,https://www.wildberries.ru/catalog/226478179/detail.aspx
Беспроводные наушники для iphone и android с микрофоном,144535203,815 ₽,1 890 ₽,798 ₽,https://www.wildberries.ru/catalog/144535203/detail.aspx
Наушники проводные для телефона type-c,272630233,566 ₽,990 ₽,554 ₽,https://www.wildberries.ru/catalog/272630233/detail.aspx
Беспроводные TWS наушники Xiaomi Buds 4 Active,313229596,977 ₽,1 240 ₽,957 ₽,https://www.wildberries.ru/catalog/313229596/detail.aspx
Наушники беспроводные для андроид и iphone,288531567,2 122 ₽,2 973 ₽,2 079 ₽,https://www.wildberries.ru/catalog/288531567/detail.aspx
Наушники беспроводные Air3 для iPhone Android,232696904,1 227 ₽,1 999 ₽,1 202 ₽,https://www.wildberries.ru/catalog/232696904/detail.aspx
Наушники беспроводные Airpods 3 для iPhone и android,153316096,1 328 ₽,2 910 ₽,1 301 ₽,https://www.wildberries.ru/catalog/153316096/detail.aspx
Наушники беспроводные Air 3 с блютуз и микрофоном,255227865,923 ₽,2 853 ₽,904 ₽,https://www.wildberries.ru/catalog/255227865/detail.aspx
Наушники беспроводные детские Человек-паук,244735386,1 182 ₽,2 500 ₽,1 158 ₽,https://www.wildberries.ru/catalog/244735386/detail.aspx
Беспроводные вакуумные наушники блютуз с шумоподавлением,233255653,306 ₽,1 000 ₽,299 ₽,https://www.wildberries.ru/catalog/233255653/detail.aspx
Беспроводные наушники с активным шумоподавлением EW05 Plus,111777568,1 091 ₽,2 990 ₽,1 069 ₽,https://www.wildberries.ru/catalog/111777568/detail.aspx
Наушники беспроводные Air3 черные для iPhone Android,248955052,1 211 ₽,1 999 ₽,1 186 ₽,https://www.wildberries.ru/catalog/248955052/detail.aspx
Наушники беспроводные Air Pro 2 Premium NEW-2025,124157301,1 248 ₽,1 980 ₽,1 223 ₽,https://www.wildberries.ru/catalog/124157301/detail.aspx
Наушники детские беспроводные с ушками,263596495,643 ₽,1 987 ₽,630 ₽,https://www.wildberries.ru/catalog/263596495/detail.aspx
Микронаушник для экзамена Premium PRO с пищалкой капсульный,193112311,3 047 ₽,5 400 ₽,2 986 ₽,https://www.wildberries.ru/catalog/193112311/detail.aspx
Микронаушник магнитный для экзамена проводной,146523913,1 489 ₽,2 990 ₽,1 459 ₽,https://www.wildberries.ru/catalog/146523913/detail.aspx
Наушники Беспроводные с Сенсорным Экраном,221683623,1 115 ₽,2 800 ₽,1 092 ₽,https://www.wildberries.ru/catalog/221683623/detail.aspx
Наушники беспроводные большие накладные с микрофоном,258020612,1 112 ₽,3 352 ₽,1 089 ₽,https://www.wildberries.ru/catalog/258020612/detail.aspx
Игровые наушники проводные с микрофоном для компьютера,310705059,1 142 ₽,3 200 ₽,1 119 ₽,https://www.wildberries.ru/catalog/310705059/detail.aspx
VIP BOX 2в1 магнитный и капсульный микронаушник,177662851,4 859 ₽,9 999 ₽,4 761 ₽,https://www.wildberries.ru/catalog/177662851/detail.aspx
Наушники игровые беспроводные черные,244763541,560 ₽,2 500 ₽,548 ₽,https://www.wildberries.ru/catalog/244763541/detail.aspx
Наушники беспроводные с микрофоном блютуз Pro,252980635,779 ₽,1 998 ₽,763 ₽,https://www.wildberries.ru/catalog/252980635/detail.aspx
Наушники беспроводные NEW AiPods 4 ANC для iPhone и Android,218295861,2 175 ₽,14 559 ₽,2 131 ₽,https://www.wildberries.ru/catalog/218295861/detail.aspx
Наушники беспроводные для iPhone и Android,264979681,819 ₽,2 100 ₽,802 ₽,https://www.wildberries.ru/catalog/264979681/detail.aspx
Наушники беспроводные для спорта,202120794,719 ₽,2 990 ₽,704 ₽,https://www.wildberries.ru/catalog/202120794/detail.aspx
Игровые наушники проводные с микрофоном для компьютера,312946216,1 224 ₽,1 475 ₽,1 199 ₽,https://www.wildberries.ru/catalog/312946216/detail.aspx
Беспроводные блютуз наушники с шумоподавлением,173100026,2 317 ₽,3 580 ₽,2 270 ₽,https://www.wildberries.ru/catalog/173100026/detail.aspx
Наушники беспроводные Air 2 для iPhone и Android,99477275,649 ₽,2 900 ₽,636 ₽,https://www.wildberries.ru/catalog/99477275/detail.aspx
"Наушники беспроводные с микрофоном EQ2 TWS, USB Type-C",217668411,850 ₽,1 577 ₽,833 ₽,https://www.wildberries.ru/catalog/217668411/detail.aspx
Гарнитура блютуз для телефона водителю,222910175,988 ₽,2 480 ₽,968 ₽,https://www.wildberries.ru/catalog/222910175/detail.aspx
Беспроводные вакуумные наушники Pro для iPhone и Android,306628447,702 ₽,1 800 ₽,687 ₽,https://www.wildberries.ru/catalog/306628447/detail.aspx
Наушники проводные с микрофоном,178540124,665 ₽,1 957 ₽,651 ₽,https://www.wildberries.ru/catalog/178540124/detail.aspx
Беспроводные наушники push 02 max,217045393,493 ₽,1 190 ₽,483 ₽,https://www.wildberries.ru/catalog/217045393/detail.aspx
Вакуумные наушники беспроводные для iPhone и Android,232699437,682 ₽,8 220 ₽,668 ₽,https://www.wildberries.ru/catalog/232699437/detail.aspx
Беспроводные наушники TUNE 520BT Новинка Оригинал,217502192,2 771 ₽,7 590 ₽,2 715 ₽,https://www.wildberries.ru/catalog/217502192/detail.aspx
Наушники беспроводные светящиеся с ушками,217303468,509 ₽,1 136 ₽,498 ₽,https://www.wildberries.ru/catalog/217303468/detail.aspx
Наушники беспроводные с микрофоном для iphone для андроид,201028250,1 005 ₽,1 986 ₽,984 ₽,https://www.wildberries.ru/catalog/201028250/detail.aspx
Наушники беспроводные Air i50 для iPhone и Android,286569092,1 937 ₽,2 990 ₽,1 898 ₽,https://www.wildberries.ru/catalog/286569092/detail.aspx
Подставка держатель для наушников,241370425,533 ₽,1 001 ₽,522 ₽,https://www.wildberries.ru/catalog/241370425/detail.aspx
Наушники беспроводные AI Pods 2 блютуз iphone android,233923151,1 454 ₽,10 950 ₽,1 424 ₽,https://www.wildberries.ru/catalog/233923151/detail.aspx
Наушники беспроводные большие накладные с микрофоном,105190787,1 189 ₽,3 582 ₽,1 165 ₽,https://www.wildberries.ru/catalog/105190787/detail.aspx
Наушники беспроводные блютуз Air Pro с микрофоном,254648040,966 ₽,1 878 ₽,946 ₽,https://www.wildberries.ru/catalog/254648040/detail.aspx
Наушники беспроводные спортивные с микрофоном Hoco ES62,322465251,794 ₽,1 914 ₽,778 ₽,https://www.wildberries.ru/catalog/322465251/detail.aspx
Гарнитура блютуз для телефона водителю,264725442,1 725 ₽,3 248 ₽,1 690 ₽,https://www.wildberries.ru/catalog/264725442/detail.aspx
Беспроводные наушники игровые блютуз микрофон Андроид iPhone,43450372,1 121 ₽,2 702 ₽,1 098 ₽,https://www.wildberries.ru/catalog/43450372/detail.aspx
Наушники беспроводные AirPods Pro 2,212439216,1 103 ₽,9 499 ₽,1 080 ₽,https://www.wildberries.ru/catalog/212439216/detail.aspx
Вакуумные проводные наушники с гарнитурой Borofone BM61,111775909,235 ₽,490 ₽,230 ₽,https://www.wildberries.ru/catalog/111775909/detail.aspx
Наушники беспроводные AirPro 2 для iPhone Android,267040100,1 182 ₽,9 500 ₽,1 158 ₽,https://www.wildberries.ru/catalog/267040100/detail.aspx
Наушники беспроводные Pro,224004228,323 ₽,2 571 ₽,316 ₽,https://www.wildberries.ru/catalog/224004228/detail.aspx
Чехол на наушники airpods pro с карабином для аирподс про,25774225,244 ₽,510 ₽,239 ₽,https://www.wildberries.ru/catalog/25774225/detail.aspx
Беспроводные наушники NGB для iphone и android,181654788,2 469 ₽,6 199 ₽,2 419 ₽,https://www.wildberries.ru/catalog/181654788/detail.aspx
Наушники беспроводные блютуз Air Pro с микрофоном,139931295,981 ₽,2 955 ₽,961 ₽,https://www.wildberries.ru/catalog/139931295/detail.aspx
"Наушники с микрофоном Jack 3,5",40511298,297 ₽,570 ₽,291 ₽,https://www.wildberries.ru/catalog/40511298/detail.aspx
Беспроводные наушники большие с подсветкой для мальчиков,193500120,2 292 ₽,7 890 ₽,2 246 ₽,https://www.wildberries.ru/catalog/193500120/detail.aspx
держатель подвес для наушников на полку 16 мм цвет Черный,212879926,156 ₽,520 ₽,152 ₽,https://www.wildberries.ru/catalog/212879926/detail.aspx
Наушники проводные с микрофоном,208553815,686 ₽,1 970 ₽,672 ₽,https://www.wildberries.ru/catalog/208553815/detail.aspx
Беспроводные наушники Pushbox PUSH-Q06,217045744,942 ₽,1 892 ₽,923 ₽,https://www.wildberries.ru/catalog/217045744/detail.aspx
"Сменные амбушюры для наушников 3 пары (S, M, L)",171043653,152 ₽,250 ₽,148 ₽,https://www.wildberries.ru/catalog/171043653/detail.aspx
Наушники детские беcпроводные блютуз с микрофоном,35519474,294 ₽,1 050 ₽,288 ₽,https://www.wildberries.ru/catalog/35519474/detail.aspx
Подставка держатель для наушников,211488163,449 ₽,759 ₽,440 ₽,https://www.wildberries.ru/catalog/211488163/detail.aspx
Наушники беспроводные AirPro 2 с дисплеем для iPhone Android,248959233,1 609 ₽,1 999 ₽,1 576 ₽,https://www.wildberries.ru/catalog/248959233/detail.aspx
Наушники беспроводные для iPhone и Android,287419732,396 ₽,1 100 ₽,388 ₽,https://www.wildberries.ru/catalog/287419732/detail.aspx
Наушники беспроводные. Air Pro2. Для iPhone и Android Блютуз,243956653,638 ₽,1 539 ₽,625 ₽,https://www.wildberries.ru/catalog/243956653/detail.aspx
Беспроводные наушники Bluetooth,190312479,605 ₽,7 300 ₽,592 ₽,https://www.wildberries.ru/catalog/190312479/detail.aspx
"амбушюры для airpods pro набор 6 штук s,m,l",299420076,295 ₽,1 025 ₽,289 ₽,https://www.wildberries.ru/catalog/299420076/detail.aspx
Наушники беспроводные с микрофоном блютуз AIRPRO,326802865,1 338 ₽,29 740 ₽,1 311 ₽,https://www.wildberries.ru/catalog/326802865/detail.aspx
Чехол на наушники Airpods 2 силиконовый без карабина,105110473,214 ₽,510 ₽,209 ₽,https://www.wildberries.ru/catalog/105110473/detail.aspx
Чехол на наушники Airpods 2 силиконовый без карабина,105110473,214 ₽,510 ₽,209 ₽,https://www.wildberries.ru/catalog/105110473/detail.aspx
"Наушники беспроводные Airpods 3 копия для iPhone,Android",281128917,2 061 ₽,9 200 ₽,2 019 ₽,https://www.wildberries.ru/catalog/281128917/detail.aspx
Наушники беспроводные с микрофоном EQ2 Plus,297014891,858 ₽,2 350 ₽,840 ₽,https://www.wildberries.ru/catalog/297014891/detail.aspx
Наушники беспроводные AirPods 2 для iPhone и Android,259560570,1 062 ₽,8 000 ₽,1 040 ₽,https://www.wildberries.ru/catalog/259560570/detail.aspx
Наушники беспроводные игровые Bluetooth с микрофоном,227467877,572 ₽,6 900 ₽,560 ₽,https://www.wildberries.ru/catalog/227467877/detail.aspx
Наушники беспроводные A.p 3 Premium NEW-2024,228382197,680 ₽,1 999 ₽,666 ₽,https://www.wildberries.ru/catalog/228382197/detail.aspx
Силиконовый кейс чехол на наушники Airpods 3 с брелком,131481042,205 ₽,1 370 ₽,200 ₽,https://www.wildberries.ru/catalog/131481042/detail.aspx
Беспроводные вакуумные наушники блютуз с шумоподавлением,171794819,295 ₽,1 490 ₽,289 ₽,https://www.wildberries.ru/catalog/171794819/detail.aspx
Наушники беспроводные с микрофоном,71906089,579 ₽,9 972 ₽,567 ₽,https://www.wildberries.ru/catalog/71906089/detail.aspx
Игровые наушники проводные с микрофоном для компьютера,312946213,1 221 ₽,3 200 ₽,1 196 ₽,https://www.wildberries.ru/catalog/312946213/detail.aspx
Наушники беспроводные Airpods 2 для iPhone и android,259528454,999 ₽,2 800 ₽,979 ₽,https://www.wildberries.ru/catalog/259528454/detail.aspx
"Наушники беспроводные с микрофоном, Bluetooth, розовые",243227206,583 ₽,1 350 ₽,571 ₽,https://www.wildberries.ru/catalog/243227206/detail.aspx
Беспроводные наушники спортивные с микрофоном,180758632,1 626 ₽,4 000 ₽,1 593 ₽,https://www.wildberries.ru/catalog/180758632/detail.aspx
Наушники беспроводные A.pods 3 для iPhone и Android,325884231,953 ₽,1 980 ₽,933 ₽,https://www.wildberries.ru/catalog/325884231/detail.aspx
Наушники беспроводные с микрофоном блютуз Pro2,261918617,955 ₽,2 951 ₽,935 ₽,https://www.wildberries.ru/catalog/261918617/detail.aspx
Беспроводные наушники P60 Pro с шумоподавлением,152457096,1 245 ₽,30 000 ₽,1 220 ₽,https://www.wildberries.ru/catalog/152457096/detail.aspx
Беспроводные наушники Galaxy Buds2 Pro PREMIUM,156042587,1 232 ₽,9 900 ₽,1 207 ₽,https://www.wildberries.ru/catalog/156042587/detail.aspx
Наушники беспроводные AirPods 3 для iPhone Android,228963290,648 ₽,4 800 ₽,635 ₽,https://www.wildberries.ru/catalog/228963290/detail.aspx
Чехол на AirPods 4,305979338,405 ₽,1 000 ₽,396 ₽,https://www.wildberries.ru/catalog/305979338/detail.aspx
Наушники беспроводные большие накладные c микрофоном Hoco,198624829,889 ₽,2 280 ₽,871 ₽,https://www.wildberries.ru/catalog/198624829/detail.aspx
Наушники беспроводные светящиеся,246186641,1 337 ₽,2 985 ₽,1 310 ₽,https://www.wildberries.ru/catalog/246186641/detail.aspx
Наушники беспроводные Pro 2 Premium NEW-2025 iPhone Android,280631965,1 091 ₽,2 990 ₽,1 069 ₽,https://www.wildberries.ru/catalog/280631965/detail.aspx
Наушники беспроводные A.Pods pro 2 на IPhone Android,266933021,3 360 ₽,10 122 ₽,3 292 ₽,https://www.wildberries.ru/catalog/266933021/detail.aspx
Микронаушник магнитный Bluetooth с пищалкой,213540521,2 700 ₽,5 514 ₽,2 646 ₽,https://www.wildberries.ru/catalog/213540521/detail.aspx
Игровые беспроводные наушники + напальчники для PUBG,159989990,683 ₽,1 915 ₽,669 ₽,https://www.wildberries.ru/catalog/159989990/detail.aspx
Игровые наушники проводные,281171698,1 118 ₽,2 930 ₽,1 095 ₽,https://www.wildberries.ru/catalog/281171698/detail.aspx
Наушники детские беспроводные с ушками,263596497,643 ₽,1 987 ₽,630 ₽,https://www.wildberries.ru/catalog/263596497/detail.aspx
Наушники беспроводные спортивные с микрофоном,243694715,1 343 ₽,1 999 ₽,1 316 ₽,https://www.wildberries.ru/catalog/243694715/detail.aspx
Наушники беспроводные сенсорные для телефона,233697572,1 064 ₽,11 654 ₽,1 042 ₽,https://www.wildberries.ru/catalog/233697572/detail.aspx
Наушники беспроводные спортивные для iPhone и Android,207832479,468 ₽,4 346 ₽,458 ₽,https://www.wildberries.ru/catalog/207832479/detail.aspx
Гарнитура блютуз для телефона водителю,264418999,1 536 ₽,3 248 ₽,1 505 ₽,https://www.wildberries.ru/catalog/264418999/detail.aspx
Микронаушник bluetooth капсульный 4 мм беспроводной,190909963,3 981 ₽,9 052 ₽,3 901 ₽,https://www.wildberries.ru/catalog/190909963/detail.aspx
Беспроводные наушники большие накладные 100 часов работы,53511205,2 714 ₽,9 139 ₽,2 659 ₽,https://www.wildberries.ru/catalog/53511205/detail.aspx
Наушники беспроводные Redmi Buds 6 Play BHR8773GL,260626102,949 ₽,1 506 ₽,930 ₽,https://www.wildberries.ru/catalog/260626102/detail.aspx
Беспроводные TWS наушники Xiaomi Buds 4 Active,312961145,946 ₽,1 200 ₽,927 ₽,https://www.wildberries.ru/catalog/312961145/detail.aspx
Наушники беспроводные спортивные с шумоподавлением,232612301,597 ₽,2 000 ₽,585 ₽,https://www.wildberries.ru/catalog/232612301/detail.aspx
Наушники проводные с микрофоном AUX Jack 3.5,36146340,374 ₽,1 003 ₽,366 ₽,https://www.wildberries.ru/catalog/36146340/detail.aspx
Наушники беспроводные блютуз спортивные с микрофоном T17,263770516,1 618 ₽,3 900 ₽,1 585 ₽,https://www.wildberries.ru/catalog/263770516/detail.aspx
Беспроводные наушники Pro 2 с экраном,255623603,1 679 ₽,11 900 ₽,1 645 ₽,https://www.wildberries.ru/catalog/255623603/detail.aspx
Микронаушник магнитный проводной с микрофоном,75026333,1 299 ₽,2 846 ₽,1 273 ₽,https://www.wildberries.ru/catalog/75026333/detail.aspx
Наушники беспроводные Air2 для iPhone Android,209927268,862 ₽,1 999 ₽,844 ₽,https://www.wildberries.ru/catalog/209927268/detail.aspx
Наушники беспроводные с шумоподавлением AirPods Pro 2 New,310764054,1 183 ₽,2 970 ₽,1 159 ₽,https://www.wildberries.ru/catalog/310764054/detail.aspx
Наушники беспроводные Airpods 3 4 pro 2 для iPhone Android,277553058,1 079 ₽,10 000 ₽,1 057 ₽,https://www.wildberries.ru/catalog/277553058/detail.aspx
Наушники беспроводные с шумоподавлением,267394865,2 322 ₽,9 025 ₽,2 275 ₽,https://www.wildberries.ru/catalog/267394865/detail.aspx
"Наушники беспроводные JBL Tune 520 BT большие, Оригинал",315008786,2 799 ₽,4 216 ₽,2 743 ₽,https://www.wildberries.ru/catalog/315008786/detail.aspx
Гарнитура блютуз для телефона водителю,264568842,781 ₽,2 004 ₽,765 ₽,https://www.wildberries.ru/catalog/264568842/detail.aspx
Наушники беспроводные с микрофоном для iPhone и Android,274580840,564 ₽,6 800 ₽,552 ₽,https://www.wildberries.ru/catalog/274580840/detail.aspx
Микронаушник для экзамена магнитный Bluetooth супермикрофон,193108947,2 632 ₽,4 229 ₽,2 579 ₽,https://www.wildberries.ru/catalog/193108947/detail.aspx
Наушники беспроводные AirPods Pro 2,237782980,1 098 ₽,9 450 ₽,1 076 ₽,https://www.wildberries.ru/catalog/237782980/detail.aspx
Наушники беспроводные для iPhone и Android,312946211,528 ₽,670 ₽,517 ₽,https://www.wildberries.ru/catalog/312946211/detail.aspx
Амбушюры JBL Sony,150956060,202 ₽,563 ₽,197 ₽,https://www.wildberries.ru/catalog/150956060/detail.aspx
Наушники беспроводные для iphone и андроид,143874380,448 ₽,1 930 ₽,439 ₽,https://www.wildberries.ru/catalog/143874380/detail.aspx
Проводные наушники с микрофоном,309547446,399 ₽,1 774 ₽,391 ₽,https://www.wildberries.ru/catalog/309547446/detail.aspx
JBL Tune 310C наушники проводные USB Type-C оригинал тайпси,259219502,987 ₽,3 400 ₽,967 ₽,https://www.wildberries.ru/catalog/259219502/detail.aspx
Микронаушник магнитный Bluetooth с пищалкой,45980783,2 933 ₽,9 300 ₽,2 874 ₽,https://www.wildberries.ru/catalog/45980783/detail.aspx
Подставка для наушников на стол,155954452,496 ₽,946 ₽,486 ₽,https://www.wildberries.ru/catalog/155954452/detail.aspx
Наушники беспроводные AirPro 2 блютуз для iPhone и Android,271715973,888 ₽,2 975 ₽,870 ₽,https://www.wildberries.ru/catalog/271715973/detail.aspx
Чехол на AirPods 4,305979336,329 ₽,1 000 ₽,322 ₽,https://www.wildberries.ru/catalog/305979336/detail.aspx
Беспроводные наушники с сенсорным экраном,292145752,1 799 ₽,4 999 ₽,1 763 ₽,https://www.wildberries.ru/catalog/292145752/detail.aspx
Чехол на наушники airpods pro прозрачный для аирподс,177983484,270 ₽,510 ₽,264 ₽,https://www.wildberries.ru/catalog/177983484/detail.aspx
Наушники накладные беспроводные JBL DW 910,299005294,1 356 ₽,3 800 ₽,1 328 ₽,https://www.wildberries.ru/catalog/299005294/detail.aspx
Беспроводные наушники с микрофоном для iPhone и Android,231893108,1 040 ₽,1 990 ₽,1 019 ₽,https://www.wildberries.ru/catalog/231893108/detail.aspx
Беспроводные наушники pro 2 с микрофоном для телефона,229082715,457 ₽,726 ₽,447 ₽,https://www.wildberries.ru/catalog/229082715/detail.aspx
Игровые наушники,228744308,2 504 ₽,8 620 ₽,2 453 ₽,https://www.wildberries.ru/catalog/228744308/detail.aspx
Наушники беспроводные для детей и подростков,241949926,699 ₽,1 187 ₽,685 ₽,https://www.wildberries.ru/catalog/241949926/detail.aspx
Наушники с ушками беспроводные светящиеся,33569583,751 ₽,2 745 ₽,735 ₽,https://www.wildberries.ru/catalog/33569583/detail.aspx
Блютуз гарнитура для телефона беспроводная с микрофоном,315662125,1 045 ₽,1 400 ₽,1 024 ₽,https://www.wildberries.ru/catalog/315662125/detail.aspx
Наушники проводные с микрофоном EO-IC100 AKG Type-C Original,97548592,779 ₽,1 490 ₽,763 ₽,https://www.wildberries.ru/catalog/97548592/detail.aspx
Чехол для AirPods 4 защитный противоударный с карабином,283849054,385 ₽,1 000 ₽,377 ₽,https://www.wildberries.ru/catalog/283849054/detail.aspx
"Беспроводные наушники для пк с микрофоном, накладные блютуз",307782521,634 ₽,850 ₽,621 ₽,https://www.wildberries.ru/catalog/307782521/detail.aspx
Наушники Беспроводные для Iphone аирподс Air Pro 2 аирподс,268972077,390 ₽,1 399 ₽,382 ₽,https://www.wildberries.ru/catalog/268972077/detail.aspx
Беспроводные наушники Bluetooth спортивные на шею с микрофон,227028098,365 ₽,5 800 ₽,357 ₽,https://www.wildberries.ru/catalog/227028098/detail.aspx
Беспроводные Bluetooth наушники Tour Pro 5 by HARMAN,273687081,1 518 ₽,2 999 ₽,1 487 ₽,https://www.wildberries.ru/catalog/273687081/detail.aspx
станция для PS5 охлаждающая зарядная с подсветкой RGB,156724343,2 451 ₽,4 490 ₽,2 401 ₽,https://www.wildberries.ru/catalog/156724343/detail.aspx
Наушники беспроводные блютуз игровые вакуумные с ушками,160230122,302 ₽,1 980 ₽,295 ₽,https://www.wildberries.ru/catalog/160230122/detail.aspx
Наушники беспроводные A.Pods Pro 2 для IPhone Android,234458691,1 678 ₽,9 631 ₽,1 644 ₽,https://www.wildberries.ru/catalog/234458691/detail.aspx
Наушники беспроводные для спорта с микрофоном HOCO ES64,257581617,643 ₽,2 500 ₽,630 ₽,https://www.wildberries.ru/catalog/257581617/detail.aspx
Зарядная док-станция для геймпадов Sony PlayStation5 PS5,152613001,1 225 ₽,8 750 ₽,1 200 ₽,https://www.wildberries.ru/catalog/152613001/detail.aspx
Чехол на наушники airpods pro с карабином на аирподс про,156715515,244 ₽,510 ₽,239 ₽,https://www.wildberries.ru/catalog/156715515/detail.aspx
Наушники детские беспроводные с ушками,263596498,643 ₽,1 987 ₽,630 ₽,https://www.wildberries.ru/catalog/263596498/detail.aspx
Наушники беспроводные,219416145,342 ₽,2 000 ₽,335 ₽,https://www.wildberries.ru/catalog/219416145/detail.aspx
Наушники беспроводные для спорта Q16,287509145,1 315 ₽,2 990 ₽,1 288 ₽,https://www.wildberries.ru/catalog/287509145/detail.aspx
Наушники беспроводные с сенсорным экраном для iphone apple,316360472,1 426 ₽,1 999 ₽,1 397 ₽,https://www.wildberries.ru/catalog/316360472/detail.aspx
Наушники беспроводные Airpods pro 2 для iPhone и Android,192542069,2 075 ₽,10 000 ₽,2 033 ₽,https://www.wildberries.ru/catalog/192542069/detail.aspx
Комплект магнитных микронаушников,49714016,240 ₽,3 000 ₽,235 ₽,https://www.wildberries.ru/catalog/49714016/detail.aspx
Наушники с микрофоном для iPhone,254252272,734 ₽,1 302 ₽,719 ₽,https://www.wildberries.ru/catalog/254252272/detail.aspx
Наушники беспроводные Pro 2 Black Edition,244089189,720 ₽,14 459 ₽,705 ₽,https://www.wildberries.ru/catalog/244089189/detail.aspx
Наушники беспроводные EW75 для iPhone и Android,262875945,770 ₽,2 900 ₽,754 ₽,https://www.wildberries.ru/catalog/262875945/detail.aspx
Наушники беспроводные спортивные для телефона на шею,187867962,1 170 ₽,3 000 ₽,1 146 ₽,https://www.wildberries.ru/catalog/187867962/detail.aspx
Наушники беспроводные с шумоподавлением и сенсорным экраном,252988325,1 763 ₽,2 992 ₽,1 727 ₽,https://www.wildberries.ru/catalog/252988325/detail.aspx
Наушники беспроводные Airpods Pro 2 копия,311815457,1 922 ₽,9 652 ₽,1 883 ₽,https://www.wildberries.ru/catalog/311815457/detail.aspx
Наушники беспроводные Air Pro 2 для iPhone и Android блютуз,124481933,794 ₽,2 900 ₽,778 ₽,https://www.wildberries.ru/catalog/124481933/detail.aspx
Наушники большие беспроводные,164130089,1 212 ₽,3 745 ₽,1 187 ₽,https://www.wildberries.ru/catalog/164130089/detail.aspx
Наушники беспроводные большие с микрофоном и RGB подсветкой,75913097,875 ₽,2 110 ₽,857 ₽,https://www.wildberries.ru/catalog/75913097/detail.aspx
Наушники проводные с микрофоном T110 (оригинал),146043670,429 ₽,1 400 ₽,420 ₽,https://www.wildberries.ru/catalog/146043670/detail.aspx
Наушники беспроводные копия AirPods 3 качественные,218759537,360 ₽,4 000 ₽,352 ₽,https://www.wildberries.ru/catalog/218759537/detail.aspx
Наушники проводные с микрофоном для телефона Pushbox Hoco M3,314433156,415 ₽,1 000 ₽,406 ₽,https://www.wildberries.ru/catalog/314433156/detail.aspx
Наушники беспроводные,54978961,371 ₽,2 949 ₽,363 ₽,https://www.wildberries.ru/catalog/54978961/detail.aspx
"Вакуумные наушники Jack 3,5 магнитные",269058790,415 ₽,981 ₽,406 ₽,https://www.wildberries.ru/catalog/269058790/detail.aspx
Наушники беспроводные Air 2 для iPhone и Android,250697151,639 ₽,7 700 ₽,626 ₽,https://www.wildberries.ru/catalog/250697151/detail.aspx
